kind,id,country,name,note
video,118,BW,WeekendPost,"last upload 203 days ago - keep, review"
video,99,CV,RTP África,"last upload 190 days ago - keep, review"
video,100,CV,RTP África,"last upload 190 days ago - keep, review"
video,449,KM,ORTC,"ORTC: confirmed via ortc.km, 60d since upload - keep"
video,500,CI,PPA-CI Officiel,PPA-CI Officiel: inactive 545d but KEPT by owner decision 2026-10-06 (avoid leaving CI Voices with one party only) until a replacement is found
video,28,KE,Citizen TV,Citizen TV: citizen.digital still links this channel (stale 252d) - review
video,114,MW,Malawi24,"last upload 31 days ago - keep, review"
video,115,MW,MBC Digital 247,"last upload 56 days ago - keep, review"
video,101,MZ,RTP África,"last upload 190 days ago - keep, review"
video,102,MZ,RTP África,"last upload 190 days ago - keep, review"
video,65,ZW,Zim TV,"last upload 224 days ago - keep, review"
